run_id,track,env_id,algorithm,setting_name,seed,timestep,eval_mean_return,eval_std_return,eval_median_return,eval_min_return,eval_max_return,eval_mean_ep_length,eval_std_ep_length,n_eval_episodes,wall_clock_seconds_so_far
Hopper-v5__SAC__tuned_screen__ls10k__seed1__steps300000,tuned_screen,Hopper-v5,SAC,ls10k,1,125000,505.3235267,10.111279705462904,510.247881,485.465763,513.308662,166.5,1.2041594578792296,10,0.0
Hopper-v5__SAC__tuned_screen__ls10k__seed1__steps300000,tuned_screen,Hopper-v5,SAC,ls10k,1,150000,653.7156594,43.26715332941896,630.8430355,610.71848,732.915993,204.4,9.748846085563152,10,0.0
Hopper-v5__SAC__tuned_screen__ls10k__seed1__steps300000,tuned_screen,Hopper-v5,SAC,ls10k,1,175000,709.5621383,14.852512056029903,706.8190915,680.410098,738.537478,220.6,3.2619012860600183,10,0.0
Hopper-v5__SAC__tuned_screen__ls10k__seed1__steps300000,tuned_screen,Hopper-v5,SAC,ls10k,1,200000,852.904758,128.00739916104123,789.9321035,710.138142,1137.106952,253.3,37.54743666350607,10,0.0
Hopper-v5__SAC__tuned_screen__ls10k__seed1__steps300000,tuned_screen,Hopper-v5,SAC,ls10k,1,225000,2504.5976514999993,689.7063895938229,2847.7421765,1086.68005,2854.271036,870.8,258.4386967928758,10,0.0
Hopper-v5__SAC__tuned_screen__ls10k__seed1__steps300000,tuned_screen,Hopper-v5,SAC,ls10k,1,250000,1293.8636865,121.88242962404247,1326.7846125,1126.942786,1469.591211,415.2,28.40704138061548,10,0.0
Hopper-v5__SAC__tuned_screen__ls10k__seed1__steps300000,tuned_screen,Hopper-v5,SAC,ls10k,1,275000,2411.3939622000003,447.3524625564447,2334.85975,1800.614559,3014.982794,797.7,164.24923135284376,10,0.0
Hopper-v5__SAC__tuned_screen__ls10k__seed1__steps300000,tuned_screen,Hopper-v5,SAC,ls10k,1,300000,1842.3620805000003,828.3281318121952,1401.5025624999998,942.361953,3103.115567,568.9,284.9247093531904,10,0.0
