run_id,track,env_id,algorithm,setting_name,seed,timestep,eval_mean_return,eval_std_return,eval_median_return,eval_min_return,eval_max_return,eval_mean_ep_length,eval_std_ep_length,n_eval_episodes,wall_clock_seconds_so_far
Hopper-v5__DDPG__tuned_screen__normal_sigma010__seed0__steps300000,tuned_screen,Hopper-v5,DDPG,normal_sigma010,0,125000,541.637612,167.48234624215553,543.0102795,243.779231,845.511965,186.9,44.07595716487618,10,0.0
Hopper-v5__DDPG__tuned_screen__normal_sigma010__seed0__steps300000,tuned_screen,Hopper-v5,DDPG,normal_sigma010,0,150000,1183.9082827,929.8770170275212,1028.4349965000001,41.756537,2559.007492,469.1,346.2711220994324,10,0.0
Hopper-v5__DDPG__tuned_screen__normal_sigma010__seed0__steps300000,tuned_screen,Hopper-v5,DDPG,normal_sigma010,0,175000,1108.5095572000002,274.9962181436979,1143.208957,569.15092,1566.495722,362.7,69.99007072435347,10,0.0
Hopper-v5__DDPG__tuned_screen__normal_sigma010__seed0__steps300000,tuned_screen,Hopper-v5,DDPG,normal_sigma010,0,200000,655.6103604,272.7258572947381,519.234492,397.172307,1144.262155,285.2,113.49343593353758,10,0.0
Hopper-v5__DDPG__tuned_screen__normal_sigma010__seed0__steps300000,tuned_screen,Hopper-v5,DDPG,normal_sigma010,0,225000,434.47122479999996,16.720973573443917,436.64348800000005,402.526842,455.187851,156.6,3.0724582991474434,10,0.0
Hopper-v5__DDPG__tuned_screen__normal_sigma010__seed0__steps300000,tuned_screen,Hopper-v5,DDPG,normal_sigma010,0,250000,1354.6346171999999,627.1163600897241,1519.5138035,280.666879,2340.248905,419.9,169.59625585489795,10,0.0
Hopper-v5__DDPG__tuned_screen__normal_sigma010__seed0__steps300000,tuned_screen,Hopper-v5,DDPG,normal_sigma010,0,275000,1293.9996782,365.5475136357228,1167.1006545,962.25043,2113.366554,403.1,104.28178172624402,10,0.0
Hopper-v5__DDPG__tuned_screen__normal_sigma010__seed0__steps300000,tuned_screen,Hopper-v5,DDPG,normal_sigma010,0,300000,984.1632664000001,0.612261735502098,984.130753,982.927649,985.082265,1000.0,0.0,10,0.0
