run_id,track,env_id,algorithm,setting_name,seed,timestep,eval_mean_return,eval_std_return,eval_median_return,eval_min_return,eval_max_return,eval_mean_ep_length,eval_std_ep_length,n_eval_episodes,wall_clock_seconds_so_far
Walker2d-v5__SAC__tuned_screen__ls10k__seed0__steps300000,tuned_screen,Walker2d-v5,SAC,ls10k,0,125000,505.5022097,99.9540397620329,519.9157325,313.809549,662.454967,207.6,26.420446627564797,10,0.0
Walker2d-v5__SAC__tuned_screen__ls10k__seed0__steps300000,tuned_screen,Walker2d-v5,SAC,ls10k,0,150000,609.0877814000002,204.20278523610787,661.8518475000001,211.69062,956.649757,238.2,67.32874571830371,10,0.0
Walker2d-v5__SAC__tuned_screen__ls10k__seed0__steps300000,tuned_screen,Walker2d-v5,SAC,ls10k,0,175000,756.9095149999999,922.7744673266922,358.8176625,166.048708,3161.003147,286.8,294.26443889807683,10,0.0
Walker2d-v5__SAC__tuned_screen__ls10k__seed0__steps300000,tuned_screen,Walker2d-v5,SAC,ls10k,0,200000,2400.6030744000004,454.9232597616063,2625.8213175,1660.650225,2985.581002,830.6,172.24993468794116,10,0.0
Walker2d-v5__SAC__tuned_screen__ls10k__seed0__steps300000,tuned_screen,Walker2d-v5,SAC,ls10k,0,225000,2374.3560569,1688.5662268817866,3560.188696,132.881503,3975.211332,667.4,414.21134701985164,10,0.0
Walker2d-v5__SAC__tuned_screen__ls10k__seed0__steps300000,tuned_screen,Walker2d-v5,SAC,ls10k,0,250000,702.4484884000001,54.17343238504132,709.674393,634.099192,780.487416,250.4,30.881062157898647,10,0.0
Walker2d-v5__SAC__tuned_screen__ls10k__seed0__steps300000,tuned_screen,Walker2d-v5,SAC,ls10k,0,275000,1029.8109493,1079.5808956447834,484.5072195,135.469857,3588.638766,329.0,288.6721323578014,10,0.0
Walker2d-v5__SAC__tuned_screen__ls10k__seed0__steps300000,tuned_screen,Walker2d-v5,SAC,ls10k,0,300000,1090.6459112,1495.1243724661176,255.58806249999998,108.205531,4121.607251,313.8,361.53666480731937,10,0.0
