run_id,track,env_id,algorithm,setting_name,seed,timestep,eval_mean_return,eval_std_return,eval_median_return,eval_min_return,eval_max_return,eval_mean_ep_length,eval_std_ep_length,n_eval_episodes,wall_clock_seconds_so_far
Walker2d-v5__SAC__tuned_screen__ls10k__seed1__steps300000,tuned_screen,Walker2d-v5,SAC,ls10k,1,125000,758.4490324000001,285.9287790471235,772.4978094999999,342.235354,1251.411557,307.8,122.8810807244142,10,0.0
Walker2d-v5__SAC__tuned_screen__ls10k__seed1__steps300000,tuned_screen,Walker2d-v5,SAC,ls10k,1,150000,2248.7247511,647.6565871087861,2263.8020695,808.034798,3040.111374,829.7,223.62157767085,10,0.0
Walker2d-v5__SAC__tuned_screen__ls10k__seed1__steps300000,tuned_screen,Walker2d-v5,SAC,ls10k,1,175000,2344.8025592,1142.178093824289,2892.548084,79.443487,3213.886685,821.2,357.9826252767025,10,0.0
Walker2d-v5__SAC__tuned_screen__ls10k__seed1__steps300000,tuned_screen,Walker2d-v5,SAC,ls10k,1,200000,2798.9660058,1108.3348594527754,3156.107056,248.273237,3919.697213,809.4,288.74736362432816,10,0.0
Walker2d-v5__SAC__tuned_screen__ls10k__seed1__steps300000,tuned_screen,Walker2d-v5,SAC,ls10k,1,225000,1741.1978283,1663.370292008127,1605.987059,31.761757,3791.309894,521.6,427.6274546845654,10,0.0
Walker2d-v5__SAC__tuned_screen__ls10k__seed1__steps300000,tuned_screen,Walker2d-v5,SAC,ls10k,1,250000,3343.1254716000003,1379.9888608525712,4067.371422,301.680386,4437.987463,810.6,300.16035714264467,10,0.0
Walker2d-v5__SAC__tuned_screen__ls10k__seed1__steps300000,tuned_screen,Walker2d-v5,SAC,ls10k,1,275000,3571.5208236000008,991.6676645669007,3490.4906579999997,2288.150476,4797.264788,794.3,188.23126732825233,10,0.0
Walker2d-v5__SAC__tuned_screen__ls10k__seed1__steps300000,tuned_screen,Walker2d-v5,SAC,ls10k,1,300000,3689.0187890999996,1173.753108046835,4365.643049,1826.124963,4608.778697,847.9,232.3404613923283,10,0.0
