run_id,track,env_id,algorithm,setting_name,seed,timestep,eval_mean_return,eval_std_return,eval_median_return,eval_min_return,eval_max_return,eval_mean_ep_length,eval_std_ep_length,n_eval_episodes,wall_clock_seconds_so_far
Walker2d-v5__DDPG__tuned_screen__normal_sigma010__seed0__steps300000,tuned_screen,Walker2d-v5,DDPG,normal_sigma010,0,125000,289.09844310000005,284.68144995289185,194.2071435,-28.558358,948.767103,243.0,117.70131690002454,10,0.0
Walker2d-v5__DDPG__tuned_screen__normal_sigma010__seed0__steps300000,tuned_screen,Walker2d-v5,DDPG,normal_sigma010,0,150000,631.7248572000001,485.0639651827178,537.600464,216.174542,1914.907396,240.5,127.36659687688919,10,0.0
Walker2d-v5__DDPG__tuned_screen__normal_sigma010__seed0__steps300000,tuned_screen,Walker2d-v5,DDPG,normal_sigma010,0,175000,551.0346654,590.3190943110302,280.443015,-5.814822,1847.083526,238.9,215.34922799954495,10,0.0
Walker2d-v5__DDPG__tuned_screen__normal_sigma010__seed0__steps300000,tuned_screen,Walker2d-v5,DDPG,normal_sigma010,0,200000,580.2868642999999,894.1953579816116,207.228561,81.861432,3051.318393,304.2,279.9777848330113,10,0.0
Walker2d-v5__DDPG__tuned_screen__normal_sigma010__seed0__steps300000,tuned_screen,Walker2d-v5,DDPG,normal_sigma010,0,225000,759.6859804000001,982.421532969232,255.08160600000002,56.656535,2882.013339,346.5,346.2915679019632,10,0.0
Walker2d-v5__DDPG__tuned_screen__normal_sigma010__seed0__steps300000,tuned_screen,Walker2d-v5,DDPG,normal_sigma010,0,250000,317.3364806000001,335.28817338283505,156.113518,53.052129,1235.027595,159.9,111.28921780657821,10,0.0
Walker2d-v5__DDPG__tuned_screen__normal_sigma010__seed0__steps300000,tuned_screen,Walker2d-v5,DDPG,normal_sigma010,0,275000,641.1726148999999,435.9883186596725,704.6709455,43.864981,1225.737875,330.7,238.03237174804605,10,0.0
Walker2d-v5__DDPG__tuned_screen__normal_sigma010__seed0__steps300000,tuned_screen,Walker2d-v5,DDPG,normal_sigma010,0,300000,799.1604368000001,432.00832753796453,638.3751090000001,328.521755,1695.232785,315.3,153.1150221238922,10,0.0
